site,access,resolution,dsp_address,value_source,project_code
0x08008234,write,base+reg,X:$02D7+r2,,yes
0x08008f22,write,const,X:$0C00,after call 0x0800d684,
0x08008f48,write,base+reg,X:$0BFF+r4,after call 0x0801633c,
0x08008f62,write,expr,"uxth r1, r4",after call 0x0801633c,
0x08008fa0,write,base+reg,X:$2000+r4,,
0x08008fc2,write,expr,"uxth r1, r4",after call 0x0800d684,
0x08009100,write,const,X:$008D,,
0x0800913a,write,base+reg,X:$087B+r4,,
0x08009164,write,const,X:$089E,after call 0x0801633c,
0x08009318,read,const,Y:$002B,,
0x08009330,read,const,Y:$002C,,
0x08009384,read,const,Y:$002C,,
0x08009410,write,const,Y:$002C,after call 0x080136f4,
0x08009426,write,const,Y:$002C,after call 0x0801633c,
0x0800947a,write,const,X:$0013,after call 0x0801b014,
0x08009484,write,const,X:$0014,after call 0x0801633c,
0x0800950e,write,const,X:$00CA,,
0x0800951a,write,const,Y:$002F,after call 0x0801633c,
0x08009ce4,read,base+reg,X:$0467+r0,,
0x08009d02,read,expr,"uxth r0, r4",,
0x08009d18,read,expr,"uxth r0, r4",,
0x08009d5e,write,const,Y:$002F,,
0x08009d66,read,const,Y:$002F,,
0x08009d7c,write,const,Y:$002F,after call 0x08016e64,
0x0801639a,write,const,X:$00E0,"param(group=0x20, index=0x9)",
0x080163aa,write,const,X:$00E1,"param(group=0x20, index=0xa)",
0x080163ba,write,const,X:$00A8,"param(group=0x20, index=0xb)",
0x080163ca,write,const,X:$00B2,"param(group=0x20, index=0xc)",
0x080163da,write,const,X:$00BC,"param(group=0x20, index=0xd)",
0x080163ee,write,const,X:$00C6,"param(group=0x20, index=0xe)",
0x08016416,write,base+reg,X:$01E7+r6,,
0x0801641e,write,expr,"uxth r1, r6",after call 0x0801633c,
0x0801646c,write,?,set before a call,after call 0x0800d5ba,
0x08016478,write,?,set before a call,after call 0x0801633c,
0x080164c6,write,base+reg,X:$01B6+r4,after call 0x0800d5ba,
0x080164dc,write,base+reg,X:$01B7+r4,after call 0x0800d646,
0x080164f6,write,expr,"uxth r1, r4",after call 0x08011ea8,
0x0801650c,write,const,X:$0843,after call 0x08011ea8,
0x08016516,write,const,X:$0844,after call 0x0801633c,
0x08016520,write,const,X:$0845,after call 0x0801633c,
0x0801652e,write,const,X:$0846,after call 0x0801633c,
0x08016566,write,?,control flow,,
0x08016572,write,?,set before a call,after call 0x0801633c,
0x0801659e,write,base+reg,X:$01D4+r4,after call 0x08011ea8,
0x080165b4,write,base+reg,X:$01D5+r4,after call 0x08011ea8,
0x080165de,write,base+reg,X:$02D4+r4,after call 0x08011ea8,
0x08016608,write,base+reg,X:$01D7+r4,after call 0x08011ea8,
0x0801661e,write,base+reg,X:$01D8+r4,after call 0x08011ea8,
0x0801662a,write,base+reg,X:$02D6+r4,after call 0x0801633c,
0x080166a6,write,base+reg,X:$009B+r4,,
0x080166b6,write,base+reg,X:$0095+r4,after call 0x0801633c,
0x08016704,write,?,set before a call,after call 0x0800d5ba,
0x08016712,write,?,set before a call,after call 0x0801633c,
0x08016732,write,expr,"sub.w r1, r4, #0x39",,
0x080167ac,write,?,set before a call,after call 0x0800d5ba,
0x080167b4,write,?,set before a call,after call 0x0801633c,
0x080167c0,write,expr,"sub.w r1, r4, #0x34",after call 0x0801633c,
0x080167d2,write,expr,"sub.w r1, r4, #0x33",after call 0x0800d5e6,
0x08016828,write,?,set before a call,after call 0x0800d59c,
0x08016834,write,?,set before a call,after call 0x0801633c,
0x08016864,write,expr,"sub.w r1, r4, #0x43",after call 0x0800cb48,
0x08016896,write,expr,"sub.w r1, r4, #0x40",after call 0x0800d646,
0x080168a2,write,expr,"sub.w r1, r4, #0x3f",after call 0x0801633c,
0x080168b0,write,expr,"sub.w r1, r4, #0x3e",after call 0x0800d5e6,
0x080168f8,write,expr,"sub.w r1, r4, #0x49",after call 0x0800cb48,
0x0801692a,write,expr,"sub.w r1, r4, #0x46",after call 0x0800d646,
0x08016936,write,expr,"sub.w r1, r4, #0x45",after call 0x0801633c,
0x08016944,write,expr,"sub.w r1, r4, #0x44",after call 0x0800d5e6,
0x08016996,write,expr,"uxth.w sb, sb",,
0x0801699e,write,?,set before a call,after call 0x0801633c,
0x080169b6,write,expr,"sub.w r1, r5, #0x3d",after call 0x0801633c,
0x08016a48,write,?,set before a call,after call 0x0800d5ba,
0x08016a50,write,?,set before a call,after call 0x0801633c,
0x08016a5e,write,?,set before a call,after call 0x0801633c,
0x08016a98,write,expr,"add r1, r4",,
0x08016aa8,write,expr,"adds r1, r5, r4",after call 0x0801633c,
0x08016b0c,write,base+reg,X:$0467+r1,,
0x08016b2e,write,expr,"sub.w r1, r5, #0x50",,
0x08016b3a,write,expr,"sub.w r1, r5, #0x4f",after call 0x0801633c,
0x08016b46,write,expr,"sub.w r1, r5, #0x5b",after call 0x0801633c,
0x08016b52,write,expr,"sub.w r1, r5, #0x59",after call 0x0801633c,
0x08016b5e,write,expr,"sub.w r1, r5, #0x57",after call 0x0801633c,
0x08016b6e,write,expr,"sub.w r1, r5, #0x55",after call 0x0801633c,
0x08016be2,write,?,scan limit,,
0x08016c78,write,expr,"movne r1, #0x94",after call 0x0800ce44,
0x08016c84,write,const,X:$0064,after call 0x0801633c,
0x08016cca,write,const,X:$0016,,
0x08016cd8,write,const,X:$0015,after call 0x0801633c,
0x08016d00,write,?,control flow,,
0x08016d12,write,?,set before a call,after call 0x0801633c,
0x08016d3a,write,base+reg,X:$02DB+r4,,
0x08016d46,write,base+reg,X:$02DC+r4,after call 0x0801633c,
0x08016d62,write,base+reg,X:$0185+r4,after call 0x0801633c,
0x08016d76,write,base+reg,X:$0186+r4,after call 0x0802d5e4,
0x08016d8a,write,base+reg,X:$0187+r4,after call 0x08011ea8,
0x08016dbc,write,base+reg,X:$018A+r4,after call 0x0800cec8,
0x08016dd0,write,base+reg,X:$018B+r4,after call 0x08011ea8,
0x08016de4,write,base+reg,X:$018C+r4,after call 0x08011ea8,
0x08016e16,write,base+reg,X:$018F+r4,after call 0x0800cec8,
0x08016e22,write,base+reg,X:$0190+r4,after call 0x0801633c,
0x08016e2e,write,base+reg,X:$0191+r4,after call 0x0801633c,
0x08016e56,write,expr,"uxth r1, r4",after call 0x0800cec8,
0x080188c8,write,const,X:$0835,"param(group=0x20, index=0x12)",
0x080188ec,write,const,X:$0836,after call 0x0801633c,
0x080188f6,write,const,X:$0837,after call 0x0801633c,
0x0801890c,write,const,X:$0838,after call 0x0801633c,
0x08018916,write,const,X:$0839,after call 0x0801633c,
0x08018922,write,const,X:$083A,after call 0x0801633c,
0x08018938,write,const,X:$083B,after call 0x0801633c,
0x08018a36,write,const,X:$00CD,"param(group=0x20, index=0x8)",
0x08018a3e,write,const,X:$00CE,after call 0x0801633c,
0x08018a52,write,base+reg,X:$00CF+r4,after call 0x0801633c,
0x08018a6e,write,const,X:$00CB,"param(group=0x20, index=0x16)",
0x08018a7e,write,const,X:$00CC,"param(group=0x20, index=0x17)",
0x08018aa2,write,const,X:$00DE,"param(group=0x20, index=0x0)",
0x08018ab2,write,const,X:$00DF,"param(group=0x20, index=0x1)",
0x08018ac2,write,const,X:$00A7,"param(group=0x20, index=0x2)",
0x08018ad2,write,const,X:$00B1,"param(group=0x20, index=0x3)",
0x08018ae2,write,const,X:$00BB,"param(group=0x20, index=0x4)",
0x08018af6,write,const,X:$00C5,"param(group=0x20, index=0x5)",
0x08018b08,write,const,X:$009F,"param(group=0x10, index=0x0)",
0x08018b2c,write,const,X:$00A0,"drum-pitch(group=0x10, index=0x2)",
0x08018b3e,write,const,X:$00A1,after call 0x0800d5ea,
0x08018b50,write,const,Y:$0101,after call 0x08025cc4,
0x08018b64,write,const,Y:$0105,after call 0x0803594c,
0x08018b76,write,const,Y:$00F9,"param(group=0x10, index=0x1)",
0x08018b8e,write,const,Y:$00FD,after call 0x0800ce94,
0x08018ba2,write,const,X:$0451,"param(group=0x20, index=0x1d)",
0x08018bb6,write,const,X:$0452,after call 0x0800d62a,
0x08018bca,write,const,X:$0453,after call 0x0800d60e,
0x08018bde,write,const,X:$0454,after call 0x0800d60e,
0x08018bf0,write,const,X:$0455,"param(group=0x20, index=0x21)",
0x08018c00,write,const,X:$0054,"param(group=0x20, index=0x23)",
0x08018c16,write,const,X:$0055,after call 0x0800ce94,
0x08018c2a,write,const,X:$02DF,"param(group=0x20, index=0x18)",
0x08018c3e,write,const,X:$02E0,after call 0x0800d62a,
0x08018c52,write,const,X:$02E1,after call 0x0800d60e,
0x08018c66,write,const,X:$02E2,after call 0x0800d60e,
0x08018c78,write,const,X:$02E3,"param(group=0x20, index=0x1c)",
0x08018c88,write,const,X:$0052,"param(group=0x20, index=0x22)",
0x08018c9e,write,const,X:$0053,after call 0x0800ce94,
0x08019278,write,const,X:$006E,after call 0x08018b92,
0x08019286,write,const,X:$0182,after call 0x0801633c,
0x080193a8,write,base+reg,X:$02B7+r4,after call 0x08011ea8,
0x080193bc,write,base+reg,X:$02B8+r4,after call 0x0802d5e4,
0x080193de,write,base+reg,X:$02BA+r4,after call 0x08011ea8,
0x08019400,write,base+reg,X:$02BB+r4,after call 0x08011ea8,
0x08019426,write,base+reg,X:$01C4+r4,after call 0x08011ea8,
0x08019434,write,base+reg,X:$02D1+r4,after call 0x0801633c,
0x0801945a,write,base+reg,X:$01C8+r4,after call 0x08011ea8,
0x08019468,write,base+reg,X:$02D2+r4,after call 0x0801633c,
0x08019480,write,base+reg,X:$02B1+r4,after call 0x0800ceb0,
0x08019498,write,base+reg,X:$02B2+r4,after call 0x0800ceb0,
0x080194a4,write,base+reg,X:$02B5+r4,after call 0x0801633c,
0x080194bc,write,base+reg,X:$02B3+r4,after call 0x0800ceb0,
0x080194ce,write,base+reg,X:$02B4+r4,after call 0x0800ceb0,
0x080194ea,write,expr,"uxth r1, r4",after call 0x0800ceb0,
0x08019524,write,base+reg,X:$02DD+r4,after call 0x08011ea8,
0x08019538,write,base+reg,X:$02E4+r4,after call 0x08011ea8,
0x08019552,write,base+reg,X:$02E5+r4,after call 0x08011ea8,
0x08019568,write,base+reg,X:$02E6+r4,after call 0x08019290,
0x0801957c,write,base+reg,X:$02E7+r4,after call 0x08011ea8,
0x0801959c,write,base+reg,X:$02E8+r4,after call 0x08011ea8,
0x080195b0,write,base+reg,X:$02E9+r4,after call 0x08011ea8,
0x080195d0,write,base+reg,X:$02EA+r4,after call 0x08011ea8,
0x080195e4,write,base+reg,X:$02EB+r4,after call 0x08011ea8,
0x08019608,write,expr,"uxth r1, r4",after call 0x08011ea8,
0x08019aba,write,base+reg,X:$0195+r4,after call 0x08011ea8,
0x08019ace,write,base+reg,X:$0196+r4,after call 0x08011ea8,
0x08019ae2,write,base+reg,X:$0197+r4,after call 0x08011ea8,
0x08019aec,write,const,X:$0198,after call 0x0801633c,
0x08019b08,write,base+reg,X:$0199+r4,after call 0x08011ea8,
0x08019b16,write,base+reg,X:$019A+r4,after call 0x0801633c,
0x08019b20,write,const,X:$019F,after call 0x0801633c,
0x08019b46,write,base+reg,X:$01A0+r4,after call 0x0800d5ba,
0x08019b52,write,base+reg,X:$01A1+r4,after call 0x0801633c,
0x08019b72,write,base+reg,X:$01A2+r4,after call 0x08011ea8,
0x08019b88,write,base+reg,X:$01A3+r4,after call 0x08011ea8,
0x08019ba2,write,expr,"uxth r1, r4",after call 0x08019290,
0x08019e6a,write,const,X:$00BD,"param(group=0x10, index=0x15)",
0x08019e8e,write,const,X:$00BE,"drum-pitch(group=0x10, index=0x17)",
0x08019ea0,write,const,X:$00BF,after call 0x0800d5ea,
0x08019eb2,write,const,Y:$0104,after call 0x08025cd0,
0x08019ec6,write,const,Y:$0108,after call 0x08035958,
0x08019ed8,write,const,Y:$00FC,"param(group=0x10, index=0x16)",
0x08019ef0,write,const,Y:$0100,after call 0x0800ce94,
0x08019f02,write,const,X:$00B3,"param(group=0x10, index=0xe)",
0x08019f26,write,const,X:$00B4,drum-pitch,
0x08019f38,write,const,X:$00B5,after call 0x0800d5ea,
0x08019f4a,write,const,Y:$0103,after call 0x08025ccc,
0x08019f5e,write,const,Y:$0107,after call 0x08035954,
0x08019f70,write,const,Y:$00FB,"param(group=0x10, index=0xf)",
0x08019f88,write,const,Y:$00FF,after call 0x0800ce94,
0x0801a162,write,const,X:$00A9,"param(group=0x10, index=0x7)",
0x0801a186,write,const,X:$00AA,"drum-pitch(group=0x10, index=0x9)",
0x0801a198,write,const,X:$00AB,after call 0x0800d5ea,
0x0801a1aa,write,const,Y:$0102,after call 0x08025cc8,
0x0801a1be,write,const,Y:$0106,after call 0x08035950,
0x0801a1d0,write,const,Y:$00FA,"param(group=0x10, index=0x8)",
0x0801a1e8,write,const,Y:$00FE,after call 0x0800ce94,
0x0801ad48,write,expr,"sub.w r1, r4, #0x4e",,
0x0801ad7e,write,expr,"sub.w r1, r4, #0x4d",after call 0x08011ea8,
0x0801ad8c,write,expr,"sub.w r1, r4, #0x77",after call 0x0801633c,
0x0801ad98,write,expr,"uxth r1, r4",after call 0x0801633c,
0x0801b180,read,const,Y:$002C,,
0x0801b198,write,const,X:$0C00,after call 0x08016e64,
0x0801b1a4,write,const,X:$0C01,after call 0x0801633c,
0x0801b1b0,write,const,X:$0C02,after call 0x0801633c,
0x0801b1e6,write,?,scan limit,,
0x0801b1f6,write,const,Y:$002C,after call 0x0801633c,
0x0801eefc,write,base+reg,X:$01A4+r4,after call 0x08011ea8,
0x0801ef12,write,base+reg,X:$01A5+r4,after call 0x08011ea8,
0x0801ef3a,write,base+reg,X:$01A6+r4,after call 0x08011ea8,
0x0801ef8e,write,base+reg,X:$01A9+r4,after call 0x0800d5ba,
0x0801efaa,write,base+reg,X:$01AA+r4,after call 0x08011ea8,
0x0801efc0,write,base+reg,X:$01AB+r4,after call 0x08011ea8,
0x0801efe8,write,base+reg,X:$01AC+r4,after call 0x08011ea8,
0x0801f040,write,base+reg,X:$01AF+r4,after call 0x0800d5ba,
0x0801f07a,write,base+reg,X:$02DE+r5,after call 0x08011ea8,
0x0801f0de,write,expr,"uxth r1, r6",after call 0x08011ea8,
0x0801f0ea,write,const,Y:$0769,after call 0x0801633c,
0x0801f0f6,write,const,Y:$076A,after call 0x0801633c,
0x0801f132,write,expr,"uxth r1, r6",after call 0x08011ea8,
0x0801f13e,write,const,Y:$0777,after call 0x0801633c,
0x0801f14a,write,const,Y:$0778,after call 0x0801633c,
0x0801f158,write,const,Y:$0779,after call 0x0801633c,
0x0801f164,write,expr,"uxth r1, r5",after call 0x0801633c,
0x080220ba,write,expr,"subs r1, r5, #5",after call 0x08011eec,
0x080220d0,write,expr,"subs r1, r5, #4",after call 0x08011eec,
0x080220dc,write,expr,"subs r1, r5, #3",after call 0x0801633c,
0x08022206,write,expr,"uxth.w fp, fp",after call 0x08011eec,
0x08022226,write,expr,"uxth.w r1, r8",after call 0x0801633c,
0x08022260,write,const,X:$0091,after call 0x080163f4,
0x08022c14,write,base+reg,X:$0099+#0x99,,
0x08022c56,write,const,X:$001B,,
0x08022c5c,read,const,X:$001B,,
0x08022c6a,read,base+reg,X:$0036+#0x36,,
0x08022c7c,write,const,X:$001B,after call 0x08016e64,
0x08022c82,read,const,X:$001B,,
0x08022c8c,read,const,X:$0035,,
0x08022eba,write,expr,"sub.w r1, r5, #0x65",,
0x08022ec6,write,expr,"sub.w r1, r5, #0x54",after call 0x0801633c,
0x08022ed2,write,expr,"sub.w r1, r5, #0x53",after call 0x0801633c,
0x08022ede,write,expr,"sub.w r1, r5, #0x52",after call 0x0801633c,
0x08022eea,write,expr,"sub.w r1, r5, #0x51",after call 0x0801633c,
0x08022f72,read,expr,"subs r0, #0x67",,
0x08022fae,write,base+reg,X:$00E9+#0xe9,,
0x08022fe0,write,base+reg,X:$04B0+r1,after call 0x0801633c,
0x08023002,write,expr,"subs r1, #0x1a",after call 0x0801633c,
0x0802301a,write,expr,"subs r1, #0x1a",after call 0x0801633c,
0x080230f4,write,expr,"uxth.w r1, sb",after call 0x08011f00,
0x080230fe,write,expr,"uxth.w r1, r8",after call 0x0801633c,
0x08023192,write,expr,"uxth.w r1, sb",after call 0x08011f00,
0x0802319e,write,expr,"uxth.w r1, r8",after call 0x0801633c,
0x080231d2,read,expr,"uxth.w r0, fp",,
0x0802324e,write,?,scan limit,,
0x0802325c,write,base+reg,X:$0006+sb,after call 0x0801633c,
0x080232aa,write,const,X:$0090,,
0x080233f0,read,const,Y:$010C,,
0x0802344a,read,const,Y:$010C,,
0x08023462,write,expr,"sub.w r1, r6, #0x50",after call 0x08016e64,
0x0802346e,write,expr,"sub.w r1, r6, #0x4f",after call 0x0801633c,
0x0802347a,write,expr,"sub.w r1, r6, #0x5b",after call 0x0801633c,
0x08023486,write,expr,"sub.w r1, r6, #0x59",after call 0x0801633c,
0x08023492,write,expr,"sub.w r1, r6, #0x57",after call 0x0801633c,
0x0802349e,write,expr,"sub.w r1, r6, #0x55",after call 0x0801633c,
0x080255d8,read,base+reg,X:$1E61+r6,,
0x080255f4,read,base+reg,X:$1E59+r6,,
0x08025614,write,base+reg,X:$1E59+r6,after call 0x08016e64,
0x08025626,read,base+reg,X:$009F+r2,,
0x08025636,read,base+reg,X:$1D0E+r0,,
0x0802564c,write,base+reg,X:$1E5D+r6,after call 0x08016e64,
0x08025674,write,base+reg,X:$1E61+r6,after call 0x0801633c,
0x08025bee,write,base+reg,X:$1E59+r5,,yes
0x08025bfa,read,base+reg,X:$009F+#0x9f,,yes
0x08025c0a,read,base+reg,X:$1D0E+r0,,yes
0x08025c20,write,base+reg,X:$1E5D+r5,after call 0x08016e64,yes
0x08025cf2,read,base+reg,Y:$0101+r6,,yes
0x08025d00,read,base+reg,X:$1E65+r6,,yes
0x08025d4a,write,?,scan limit,,yes
0x08025d6e,read,base+reg,X:$1E69+r7,,yes
0x08025d84,read,base+reg,Y:$0105+r7,,yes
0x08025e56,write,base+reg,X:$1E65+r4,after call 0x08025be0,yes
0x0802d4a6,read,base+reg,Y:$0105+r2,,yes
0x0802d518,write,?,set before a call,after call 0x0803595c,yes
0x0802d5f6,write,?,control flow,after call 0x08011ea8,yes
0x080359aa,read,base+reg,X:$1E59+r7,,yes
0x080359be,read,base+reg,X:$1E65+r7,,yes
0x080359d4,read,base+reg,X:$00A4+#0xa4,,yes
0x08035b56,read,base+reg,X:$00A4+#0xa4,,yes
0x08035be4,write,?,control flow,after call 0x0803595c,yes
0x080367ec,read,base+reg,X:$1E59+r6,,
0x080367fe,read,base+reg,X:$1D0E+r0,,
0x0803680c,write,base+reg,X:$1E5D+r6,after call 0x08016e64,yes
0x08036836,write,base+reg,X:$1E61+r6,,yes
0x08036a16,read,base+reg,X:$1E69+r2,,yes
0x08036a2c,write,?,set before a call,after call 0x08016e64,yes
0x08036b38,read,base+reg,X:$00A4+#0xa4,,yes
0x08036b4e,write,?,set before a call,after call 0x08016e64,yes
